timestamp,side,ticker,quantity,price,equity_after,reason
2026-06-20T08:17:53.339339,sell,UNIUSD,25508.3054,3.0100,0.00,momentum
2026-06-20T11:26:55.123089,buy,DOT/USD,14508.9438,0.9657,0.00,momentum
2026-06-20T11:26:55.777892,buy,DOGE/USD,166824.8678,0.0840,0.00,momentum
2026-06-20T11:26:56.569485,buy,ADA/USD,85648.7988,0.1636,0.00,momentum
2026-06-20T11:27:37.990897,buy,DOT/USD,14419.6522,0.9667,0.00,momentum
2026-06-20T11:27:38.649044,buy,DOGE/USD,165838.0182,0.0841,0.00,momentum
2026-06-20T11:27:39.247462,buy,ADA/USD,85185.4857,0.1636,0.00,momentum
2026-06-20T11:27:54.568195,sell,ADAUSD,170407.1988,0.1638,0.00,momentum
2026-06-20T11:27:54.908193,sell,DOGEUSD,331831.2288,0.0836,0.00,momentum
2026-06-20T11:27:55.324239,sell,DOTUSD,28880.4648,0.9602,0.00,momentum
2026-06-20T11:28:38.955634,buy,DOT/USD,14234.6246,0.9670,0.00,momentum
2026-06-20T11:28:39.644032,buy,DOGE/USD,163767.6276,0.0841,0.00,momentum
2026-06-20T11:28:40.388196,buy,ADA/USD,84121.9947,0.1636,0.00,momentum
2026-06-20T11:29:38.819648,buy,DOT/USD,14155.7143,0.9670,0.00,momentum
2026-06-20T11:29:39.604288,buy,DOGE/USD,162859.7738,0.0841,0.00,momentum
2026-06-20T11:29:40.283550,buy,ADA/USD,83655.6604,0.1636,0.00,momentum
2026-06-20T11:30:07.096963,sell,ADAUSD,167358.2110,0.1638,0.00,momentum
2026-06-20T11:30:07.457993,sell,DOGEUSD,325810.8329,0.0836,0.00,momentum
2026-06-20T11:30:07.842938,sell,DOTUSD,28340.6129,0.9602,0.00,momentum
2026-06-20T11:30:52.465819,buy,DOT/USD,13964.5944,0.9683,0.00,momentum
2026-06-20T11:30:53.485925,buy,DOGE/USD,160873.6272,0.0841,0.00,momentum
2026-06-20T11:30:55.176858,buy,ADA/USD,82650.5960,0.1636,0.00,momentum
2026-06-20T11:31:42.913511,buy,DOT/USD,13887.0757,0.9682,0.00,momentum
2026-06-20T11:31:43.814316,buy,DOGE/USD,159967.3851,0.0841,0.00,momentum
2026-06-20T11:31:44.379815,buy,ADA/USD,82116.2393,0.1637,0.00,momentum
2026-06-20T11:32:41.018954,sell,ADAUSD,164354.9182,0.1638,0.00,momentum
2026-06-20T11:32:41.371735,sell,DOGEUSD,320038.9098,0.0836,0.00,momentum
2026-06-20T11:32:41.766089,sell,DOTUSD,27802.7975,0.9602,0.00,momentum
2026-06-20T11:33:56.221251,buy,DOT/USD,13721.2869,0.9679,0.00,momentum
2026-06-20T11:33:57.233192,buy,DOGE/USD,158006.3782,0.0841,0.00,momentum
2026-06-20T11:33:59.068364,buy,ADA/USD,81139.3262,0.1637,0.00,momentum
2026-06-20T11:34:58.388068,sell,ADAUSD,80936.4779,0.1638,0.00,momentum
2026-06-20T11:34:58.883996,sell,DOGEUSD,157611.3623,0.0836,0.00,momentum
2026-06-20T11:35:00.878481,sell,DOTUSD,13698.2386,0.9602,0.00,momentum
2026-06-20T11:35:30.837561,buy,DOT/USD,13611.0449,0.9670,0.00,momentum
2026-06-20T11:35:31.621623,buy,DOGE/USD,156586.9415,0.0841,0.00,momentum
2026-06-20T11:35:32.601230,buy,ADA/USD,80482.7004,0.1635,0.00,momentum
2026-06-20T11:37:17.148289,sell,ADAUSD,80281.4936,0.1638,0.00,momentum
2026-06-20T11:37:17.591598,sell,DOGEUSD,156195.4741,0.0836,0.00,momentum
2026-06-20T11:37:17.958455,sell,DOTUSD,13588.2558,0.9602,0.00,momentum
2026-06-20T11:38:24.815326,buy,DOT/USD,13486.9550,0.9675,0.00,momentum
2026-06-20T11:38:25.477418,buy,DOGE/USD,155255.8004,0.0840,0.00,momentum
2026-06-20T11:38:28.741166,buy,ADA/USD,79827.1698,0.1635,0.00,momentum
2026-06-20T11:39:32.027517,sell,ADAUSD,79627.6019,0.1628,0.00,momentum
2026-06-20T11:39:32.391044,sell,DOGEUSD,154867.6609,0.0836,0.00,momentum
2026-06-20T11:39:32.720739,sell,DOTUSD,13464.3688,0.9602,0.00,momentum
2026-06-20T11:40:21.866199,buy,DOT/USD,13377.7067,0.9668,0.00,momentum
2026-06-20T11:40:22.522795,buy,DOGE/USD,154010.0851,0.0840,0.00,momentum
2026-06-20T11:40:23.192551,buy,ADA/USD,79144.8412,0.1634,0.00,momentum
2026-06-20T11:41:48.426160,sell,ADAUSD,78946.9791,0.1634,0.00,momentum
2026-06-20T11:41:48.824096,sell,DOGEUSD,153625.0599,0.0836,0.00,momentum
2026-06-20T11:41:49.127241,sell,DOTUSD,13355.2746,0.9602,0.00,momentum
2026-06-20T11:42:30.507318,buy,DOT/USD,13261.0767,0.9668,0.00,momentum
2026-06-20T11:42:31.716581,buy,DOGE/USD,152667.3883,0.0840,0.00,momentum
2026-06-20T11:42:32.488251,buy,ADA/USD,78454.8375,0.1634,0.00,momentum
2026-06-20T11:44:03.970192,sell,ADAUSD,78258.7004,0.1634,0.00,momentum
2026-06-20T11:44:04.566235,sell,DOGEUSD,152285.7198,0.0836,0.00,momentum
2026-06-20T11:44:04.887033,sell,DOTUSD,13238.8276,0.9602,0.00,momentum
2026-06-20T11:44:18.420411,buy,BCH/USD,63.9318,199.4160,0.00,momentum
2026-06-20T11:44:19.179782,buy,UNI/USD,4169.0713,3.0580,0.00,momentum
2026-06-20T11:44:19.969990,buy,AVAX/USD,2109.8567,6.0426,0.00,momentum
2026-06-20T11:45:05.319066,buy,DOT/USD,13016.6559,0.9673,0.00,momentum
2026-06-20T11:45:06.004495,buy,DOGE/USD,149813.6691,0.0840,0.00,momentum
2026-06-20T11:45:07.228234,buy,ADA/USD,77052.2427,0.1634,0.00,momentum
2026-06-20T11:46:21.414176,sell,ADAUSD,76859.6121,0.1634,0.00,momentum
2026-06-20T11:46:24.561045,sell,AVAXUSD,2105.8661,5.9947,0.00,momentum
2026-06-20T11:46:26.678945,sell,BCHUSD,63.7720,198.2000,0.00,momentum
2026-06-20T11:46:28.270879,sell,DOGEUSD,149439.1349,0.0836,0.00,momentum
2026-06-20T11:46:28.612489,sell,DOTUSD,12994.7738,0.9602,0.00,momentum
2026-06-20T11:46:28.925709,sell,UNIUSD,4160.2845,3.0150,0.00,momentum
2026-06-20T11:47:06.666717,buy,DOT/USD,12875.4223,0.9668,0.00,momentum
2026-06-20T11:47:07.525118,buy,DOGE/USD,148116.1516,0.0840,0.00,momentum
2026-06-20T11:47:08.589515,buy,ADA/USD,76240.7638,0.1633,0.00,momentum
2026-06-20T11:47:09.276954,buy,BCH/USD,62.3639,199.6000,0.00,momentum
2026-06-20T11:47:10.039921,buy,UNI/USD,4067.1207,3.0606,0.00,momentum
2026-06-20T11:47:10.845460,buy,AVAX/USD,2059.4566,6.0442,0.00,momentum
2026-06-20T11:48:46.441914,sell,ADAUSD,76050.1619,0.1634,0.00,momentum
2026-06-20T11:48:46.779489,sell,AVAXUSD,2054.7112,5.9947,0.00,momentum
2026-06-20T11:48:47.261554,sell,BCHUSD,62.2080,198.2000,0.00,momentum
2026-06-20T11:48:47.854600,sell,DOGEUSD,147745.8612,0.0836,0.00,momentum
2026-06-20T11:48:49.092227,sell,DOTUSD,12853.7528,0.9602,0.00,momentum
2026-06-20T11:48:49.467715,sell,UNIUSD,4058.4692,3.0150,0.00,momentum
2026-06-20T11:49:14.546035,buy,DOT/USD,12605.5690,0.9676,0.00,momentum
2026-06-20T11:49:15.359448,buy,DOGE/USD,145134.6605,0.0840,0.00,momentum
2026-06-20T11:49:16.125393,buy,ADA/USD,74589.5857,0.1635,0.00,momentum
2026-06-20T11:49:16.764167,buy,BCH/USD,61.1085,199.6000,0.00,momentum
2026-06-20T11:49:17.533727,buy,UNI/USD,3992.5571,3.0550,0.00,momentum
2026-06-20T11:49:18.223899,buy,AVAX/USD,2020.2839,6.0374,0.00,momentum
2026-06-20T11:51:07.083415,sell,AVAX/USD,2016.4081,6.0229,0.00,momentum
2026-06-20T11:51:07.631564,buy,BTC/USD,0.1195,63609.8900,0.00,momentum
2026-06-20T11:51:09.195289,sell,ADAUSD,74403.1117,0.1634,0.00,momentum
2026-06-20T11:51:09.918889,sell,BCHUSD,60.9557,198.2000,0.00,momentum
2026-06-20T11:51:10.492604,sell,DOGEUSD,144771.8238,0.0836,0.00,momentum
2026-06-20T11:51:10.813974,sell,DOTUSD,12584.1762,0.9602,0.00,momentum
2026-06-20T11:51:11.175939,sell,UNIUSD,3984.0032,3.0150,0.00,momentum
2026-06-20T11:52:08.668892,sell,BTC/USD,0.1192,63681.2000,0.00,momentum
2026-06-20T11:52:09.378055,buy,DOT/USD,12323.6457,0.9691,0.00,momentum
2026-06-20T11:52:10.170467,buy,DOGE/USD,142041.2804,0.0841,0.00,momentum
2026-06-20T11:52:10.880501,buy,ADA/USD,72916.0387,0.1638,0.00,momentum
2026-06-20T11:52:11.607399,buy,BCH/USD,59.8090,199.6830,0.00,momentum
2026-06-20T11:52:12.975096,buy,UNI/USD,3907.1041,3.0567,0.00,momentum
2026-06-20T11:52:16.730142,buy,AVAX/USD,1980.2429,6.0310,0.00,momentum
2026-06-20T11:53:32.538759,sell,ADAUSD,72733.7486,0.1634,0.00,momentum
2026-06-20T11:53:32.971282,sell,AVAXUSD,1975.6301,5.9947,0.00,momentum
2026-06-20T11:53:33.414508,sell,BCHUSD,59.6595,198.2000,0.00,momentum
2026-06-20T11:53:33.734375,sell,DOGEUSD,141686.1772,0.0838,0.00,momentum
2026-06-20T11:53:34.902693,sell,DOTUSD,12298.0317,0.9602,0.00,momentum
2026-06-20T11:53:35.201370,sell,UNIUSD,3897.3363,3.0150,0.00,momentum
2026-06-20T11:54:12.453274,buy,DOT/USD,12086.1656,0.9691,0.00,momentum
2026-06-20T11:54:13.027141,buy,DOGE/USD,139088.1871,0.0842,0.00,momentum
2026-06-20T11:54:13.666978,buy,ADA/USD,71465.4454,0.1639,0.00,momentum
2026-06-20T11:54:14.503769,buy,BCH/USD,58.5074,200.2000,0.00,momentum
2026-06-20T11:54:15.206629,buy,UNI/USD,3824.2769,3.0629,0.00,momentum
2026-06-20T11:54:15.871537,buy,AVAX/USD,1939.5904,6.0390,0.00,momentum
2026-06-20T11:55:48.382518,sell,ADAUSD,71286.7818,0.1634,0.00,momentum
2026-06-20T11:55:48.718849,sell,AVAXUSD,1935.0343,5.9947,0.00,momentum
2026-06-20T11:55:49.064787,sell,BCHUSD,58.3611,198.2000,0.00,momentum
2026-06-20T11:55:49.405818,sell,DOGEUSD,138740.4666,0.0838,0.00,momentum
2026-06-20T11:55:49.727698,sell,DOTUSD,12065.6585,0.9602,0.00,momentum
2026-06-20T11:55:50.057398,sell,UNIUSD,3814.7162,3.0150,0.00,momentum
2026-06-20T11:56:08.053568,buy,DOT/USD,11856.6259,0.9673,0.00,momentum
2026-06-20T11:56:10.014352,buy,DOGE/USD,136258.6492,0.0842,0.00,momentum
2026-06-20T11:56:10.828486,buy,ADA/USD,70017.6465,0.1638,0.00,momentum
2026-06-20T11:56:11.524095,buy,BCH/USD,57.3445,200.0000,0.00,momentum
2026-06-20T11:56:12.411291,buy,UNI/USD,3751.6816,3.0570,0.00,momentum
2026-06-20T11:56:13.094550,buy,BTC/USD,0.1802,63651.1270,0.00,momentum
2026-06-20T11:57:05.738443,sell,BTC/USD,0.1797,63653.1400,0.00,momentum
2026-06-20T11:57:06.437332,buy,AVAX/USD,1213.6080,6.0347,0.00,momentum
2026-06-20T11:58:02.917827,sell,ADAUSD,69842.6024,0.1634,0.00,momentum
2026-06-20T11:58:03.252204,sell,AVAXUSD,1210.5740,5.9947,0.00,momentum
2026-06-20T11:58:03.579675,sell,BCHUSD,57.2011,198.2000,0.00,momentum
2026-06-20T11:58:03.863701,sell,DOGEUSD,135918.0026,0.0838,0.00,momentum
2026-06-20T11:58:04.139913,sell,DOTUSD,11836.4699,0.9602,0.00,momentum
2026-06-20T11:58:04.399865,sell,UNIUSD,3743.4777,3.0150,0.00,momentum
2026-06-20T11:59:05.409554,buy,DOT/USD,11636.9343,0.9683,0.00,momentum
2026-06-20T11:59:06.085034,buy,DOGE/USD,133808.8529,0.0842,0.00,momentum
2026-06-20T11:59:06.738385,buy,ADA/USD,68758.3125,0.1639,0.00,momentum
2026-06-20T11:59:07.474179,buy,BCH/USD,56.3171,200.0820,0.00,momentum
2026-06-20T11:59:08.318277,buy,UNI/USD,3683.2097,3.0593,0.00,momentum
2026-06-20T11:59:09.063757,buy,AVAX/USD,1867.2086,6.0347,0.00,momentum
2026-06-20T12:00:17.459688,sell,ADAUSD,68586.4167,0.1634,0.00,momentum
2026-06-20T12:00:18.037698,sell,AVAXUSD,1862.7380,5.9947,0.00,momentum
2026-06-20T12:00:18.430513,sell,BCHUSD,56.1763,198.2000,0.00,momentum
2026-06-20T12:00:18.888427,sell,DOGEUSD,133474.3308,0.0838,0.00,momentum
2026-06-20T12:00:19.307045,sell,DOTUSD,11614.7548,0.9602,0.00,momentum
2026-06-20T12:00:19.715158,sell,UNIUSD,3674.0017,3.0150,0.00,momentum
2026-06-20T12:01:20.091991,buy,DOT/USD,11415.2609,0.9672,0.00,momentum
2026-06-20T12:01:20.731697,buy,DOGE/USD,131147.2325,0.0842,0.00,momentum
2026-06-20T12:01:21.410772,buy,ADA/USD,67459.4191,0.1637,0.00,momentum
2026-06-20T12:01:22.095836,buy,BCH/USD,55.2064,200.0000,0.00,momentum
2026-06-20T12:01:22.829574,buy,UNI/USD,3616.4179,3.0531,0.00,momentum
2026-06-20T12:01:23.451503,buy,BTC/USD,0.1735,63653.0000,0.00,momentum
2026-06-20T12:02:06.092108,sell,BTC/USD,0.1731,63679.1400,0.00,momentum
2026-06-20T12:02:06.892553,buy,AVAX/USD,1168.2512,6.0270,0.00,momentum
2026-06-20T12:02:42.467185,sell,ADAUSD,67290.7706,0.1634,0.00,momentum
2026-06-20T12:02:42.775068,sell,AVAXUSD,1165.6517,5.9947,0.00,momentum
2026-06-20T12:02:43.366436,sell,BCHUSD,55.0684,198.2000,0.00,momentum
2026-06-20T12:02:43.775945,sell,DOGEUSD,130819.3644,0.0838,0.00,momentum
2026-06-20T12:02:44.174349,sell,DOTUSD,11395.7670,0.9602,0.00,momentum
2026-06-20T12:02:44.583647,sell,UNIUSD,3608.4381,3.0150,0.00,momentum
2026-06-20T12:03:11.151310,buy,DOT/USD,11215.4258,0.9667,0.00,momentum
2026-06-20T12:03:11.750089,buy,DOGE/USD,128835.4545,0.0842,0.00,momentum
2026-06-20T12:03:12.556731,buy,ADA/USD,66312.9457,0.1635,0.00,momentum
2026-06-20T12:03:13.215284,buy,BCH/USD,54.1263,200.3000,0.00,momentum
2026-06-20T12:03:14.006820,buy,UNI/USD,3555.7571,3.0490,0.00,momentum
2026-06-20T12:03:14.736320,buy,AVAX/USD,1799.9843,6.0231,0.00,momentum
2026-06-20T12:05:01.073523,sell,ADAUSD,66147.1633,0.1634,0.00,momentum
2026-06-20T12:05:01.456148,sell,AVAXUSD,1795.6202,5.9947,0.00,momentum
2026-06-20T12:05:01.728735,sell,BCHUSD,53.9910,198.2000,0.00,momentum
2026-06-20T12:05:02.061049,sell,DOGEUSD,128513.3659,0.0838,0.00,momentum
2026-06-20T12:05:02.388054,sell,DOTUSD,11196.2274,0.9602,0.00,momentum
2026-06-20T12:05:04.382502,sell,UNIUSD,3547.8666,3.0150,0.00,momentum
2026-06-20T12:06:06.816593,buy,DOT/USD,10384.8670,0.9662,0.00,momentum
2026-06-20T12:06:12.527496,buy,DOGE/USD,143716.5136,0.0841,0.00,momentum
2026-06-20T12:06:13.949874,buy,ADA/USD,40635.2083,0.1636,0.00,momentum
2026-06-20T12:06:14.716810,buy,BCH/USD,29.0276,200.2200,0.00,momentum
2026-06-20T12:06:15.545642,buy,UNI/USD,1314.1956,3.0470,0.00,momentum
2026-06-20T12:06:16.537924,buy,AVAX/USD,1126.7673,6.0072,0.00,momentum
2026-06-20T12:07:28.263803,sell,ADAUSD,40533.6203,0.1634,0.00,momentum
2026-06-20T12:07:28.732569,sell,AVAXUSD,1123.9504,5.9947,0.00,momentum
2026-06-20T12:07:29.227886,sell,BCHUSD,28.9550,198.2000,0.00,momentum
2026-06-20T12:07:29.530855,sell,DOGEUSD,143357.2223,0.0838,0.00,momentum
2026-06-20T12:07:29.850674,sell,DOTUSD,10366.9063,0.9602,0.00,momentum
2026-06-20T12:07:30.195055,sell,UNIUSD,1310.9101,3.0150,0.00,momentum
2026-06-20T12:08:02.178830,buy,DOT/USD,10274.2383,0.9656,0.00,momentum
2026-06-20T12:08:02.801844,buy,DOGE/USD,142074.7920,0.0841,0.00,momentum
2026-06-20T12:08:03.401977,buy,ADA/USD,40158.2208,0.1636,0.00,momentum
2026-06-20T12:08:04.108361,buy,BCH/USD,28.6777,200.3040,0.00,momentum
2026-06-20T12:08:04.723554,buy,UNI/USD,1299.9612,3.0440,0.00,momentum
2026-06-20T12:08:05.379310,buy,AVAX/USD,1116.6088,6.0027,0.00,momentum
2026-06-20T12:09:45.567381,sell,ADAUSD,40057.8252,0.1634,0.00,momentum
2026-06-20T12:09:45.865071,sell,AVAXUSD,1113.8173,5.9947,0.00,momentum
2026-06-20T12:09:46.186600,sell,BCHUSD,28.6060,198.2000,0.00,momentum
2026-06-20T12:09:47.075208,sell,DOGEUSD,141719.6050,0.0838,0.00,momentum
2026-06-20T12:09:47.419518,sell,DOTUSD,10256.4544,0.9602,0.00,momentum
2026-06-20T12:09:47.726548,sell,UNIUSD,1296.7113,3.0150,0.00,momentum
2026-06-20T12:10:13.437422,buy,DOT/USD,10157.0456,0.9656,0.00,momentum
2026-06-20T12:10:14.183511,buy,DOGE/USD,140402.0533,0.0841,0.00,momentum
2026-06-20T12:10:14.807874,buy,ADA/USD,39679.0132,0.1636,0.00,momentum
2026-06-20T12:10:15.629024,buy,BCH/USD,28.3614,200.2000,0.00,momentum
2026-06-20T12:10:16.273794,buy,UNI/USD,1284.1339,3.0449,0.00,momentum
2026-06-20T12:10:17.020371,buy,AVAX/USD,1103.3162,6.0028,0.00,momentum
2026-06-20T12:12:13.377918,sell,ADAUSD,39579.8157,0.1634,0.00,momentum
2026-06-20T12:12:13.855642,sell,AVAXUSD,1100.5579,5.9947,0.00,momentum
2026-06-20T12:12:14.158918,sell,BCHUSD,28.2905,198.2000,0.00,momentum
2026-06-20T12:12:14.592100,sell,DOGEUSD,140051.0482,0.0838,0.00,momentum
2026-06-20T12:12:14.978534,sell,DOTUSD,10139.4467,0.9602,0.00,momentum
2026-06-20T12:12:15.368749,sell,UNIUSD,1280.9236,3.0150,0.00,momentum
2026-06-20T12:13:09.715037,buy,DOT/USD,10022.2473,0.9664,0.00,momentum
2026-06-20T12:13:10.605175,buy,DOGE/USD,138728.5234,0.0841,0.00,momentum
2026-06-20T12:13:11.344808,buy,ADA/USD,39199.5885,0.1637,0.00,momentum
2026-06-20T12:13:11.982878,buy,BCH/USD,28.0485,200.0820,0.00,momentum
2026-06-20T12:13:12.725403,buy,UNI/USD,1268.6337,3.0472,0.00,momentum
2026-06-20T12:13:13.661870,buy,AVAX/USD,1089.8178,6.0030,0.00,momentum
2026-06-20T12:14:32.507214,sell,ADAUSD,39101.5895,0.1634,0.00,momentum
2026-06-20T12:14:32.887850,sell,AVAXUSD,1087.0933,5.9947,0.00,momentum
2026-06-20T12:14:33.230892,sell,BCHUSD,27.9784,198.2000,0.00,momentum
2026-06-20T12:14:33.555657,sell,DOGEUSD,138381.7021,0.0838,0.00,momentum
2026-06-20T12:14:33.949655,sell,DOTUSD,10001.0109,0.9602,0.00,momentum
2026-06-20T12:14:34.330357,sell,UNIUSD,1265.4621,3.0150,0.00,momentum
2026-06-20T12:15:11.658261,buy,DOT/USD,9918.8952,0.9664,0.00,momentum
2026-06-20T12:15:12.223740,buy,DOGE/USD,137297.9177,0.0841,0.00,momentum
2026-06-20T12:15:12.978295,buy,ADA/USD,38755.4546,0.1638,0.00,momentum
2026-06-20T12:15:13.639193,buy,BCH/USD,27.7546,200.1000,0.00,momentum
2026-06-20T12:15:14.325469,buy,UNI/USD,1255.7730,3.0472,0.00,momentum
2026-06-20T12:15:14.975772,buy,AVAX/USD,1077.2502,6.0054,0.00,momentum
2026-06-20T12:16:47.722398,sell,ADAUSD,38658.5660,0.1634,0.00,momentum
2026-06-20T12:16:48.200665,sell,AVAXUSD,1074.5571,5.9947,0.00,momentum
2026-06-20T12:16:48.500438,sell,BCHUSD,27.6852,198.2000,0.00,momentum
2026-06-20T12:16:48.986360,sell,DOGEUSD,136954.6729,0.0838,0.00,momentum
2026-06-20T12:16:49.320493,sell,DOTUSD,9901.6530,0.9602,0.00,momentum
2026-06-20T12:16:49.751394,sell,UNIUSD,1252.6336,3.0150,0.00,momentum
2026-06-20T12:17:11.467059,buy,DOT/USD,9803.4246,0.9664,0.00,momentum
2026-06-20T12:17:12.134392,buy,DOGE/USD,135465.3251,0.0842,0.00,momentum
2026-06-20T12:17:12.917996,buy,ADA/USD,38304.2840,0.1638,0.00,momentum
2026-06-20T12:17:13.685099,buy,BCH/USD,27.4315,200.1000,0.00,momentum
2026-06-20T12:17:14.396514,buy,UNI/USD,1241.1794,3.0451,0.00,momentum
2026-06-20T12:17:15.030284,buy,AVAX/USD,1060.8789,6.0130,0.00,momentum
2026-06-20T12:19:02.366428,sell,ADAUSD,38208.5233,0.1634,0.00,momentum
2026-06-20T12:19:02.731525,sell,AVAXUSD,1058.2267,5.9947,0.00,momentum
2026-06-20T12:19:03.140901,sell,BCHUSD,27.3629,198.2000,0.00,momentum
2026-06-20T12:19:03.617465,sell,DOGEUSD,135126.6618,0.0838,0.00,momentum
2026-06-20T12:19:03.937974,sell,DOTUSD,9786.3395,0.9602,0.00,momentum
2026-06-20T12:19:04.254425,sell,UNIUSD,1238.0765,3.0150,0.00,momentum
2026-06-20T12:20:05.243267,buy,DOT/USD,9694.4980,0.9662,0.00,momentum
2026-06-20T12:20:05.852125,buy,DOGE/USD,133341.8252,0.0843,0.00,momentum
2026-06-20T12:20:06.501209,buy,ADA/USD,37848.3164,0.1638,0.00,momentum
2026-06-20T12:20:07.261801,buy,BCH/USD,27.0790,200.3000,0.00,momentum
2026-06-20T12:20:07.935235,buy,UNI/USD,1227.1819,3.0424,0.00,momentum
2026-06-20T12:20:08.545230,buy,AVAX/USD,1050.3212,6.0100,0.00,momentum
2026-06-20T12:23:52.329922,sell,ADAUSD,37753.6956,0.1634,0.00,momentum
2026-06-20T12:23:52.662725,sell,AVAXUSD,1047.6954,5.9947,0.00,momentum
2026-06-20T12:23:52.965656,sell,BCHUSD,27.0113,198.2000,0.00,momentum
2026-06-20T12:23:53.384331,sell,DOGEUSD,133008.4706,0.0838,0.00,momentum
2026-06-20T12:23:53.702825,sell,DOTUSD,9677.5822,0.9602,0.00,momentum
2026-06-20T12:23:54.020100,sell,UNIUSD,1224.1139,3.0150,0.00,momentum
2026-06-20T12:24:06.669355,buy,DOT/USD,9590.3645,0.9656,0.00,momentum
2026-06-20T12:24:07.475653,buy,DOGE/USD,132016.1116,0.0842,0.00,momentum
2026-06-20T12:24:08.271486,buy,ADA/USD,37405.2851,0.1638,0.00,momentum
2026-06-20T12:24:08.963422,buy,BCH/USD,26.8178,200.0000,0.00,momentum
2026-06-20T12:24:09.781834,buy,UNI/USD,1212.6151,3.0450,0.00,momentum
2026-06-20T12:24:10.504177,buy,SOL/USD,94.9492,72.1750,0.00,momentum
2026-06-20T12:26:11.127278,sell,ADAUSD,37311.7719,0.1634,0.00,momentum
2026-06-20T12:26:11.508176,sell,BCHUSD,26.7508,198.2000,0.00,momentum
2026-06-20T12:26:11.838484,sell,DOGEUSD,131686.0713,0.0838,0.00,momentum
2026-06-20T12:26:12.130075,sell,DOTUSD,9573.6055,0.9602,0.00,momentum
2026-06-20T12:26:12.518265,sell,SOLUSD,94.7118,72.0100,0.00,momentum
2026-06-20T12:26:12.902503,sell,UNIUSD,1209.5836,3.0150,0.00,momentum
2026-06-20T12:27:14.036511,buy,DOT/USD,9489.0088,0.9661,0.00,momentum
2026-06-20T12:27:14.698952,buy,DOGE/USD,130712.8652,0.0842,0.00,momentum
2026-06-20T12:27:15.351076,buy,ADA/USD,37082.5504,0.1637,0.00,momentum
2026-06-20T12:27:15.969577,buy,BCH/USD,26.5704,199.9100,0.00,momentum
2026-06-20T12:27:16.593577,buy,UNI/USD,1200.7720,3.0435,0.00,momentum
2026-06-20T12:27:17.230343,buy,SOL/USD,94.1985,72.1183,0.00,momentum
2026-06-20T12:28:27.665448,sell,ADAUSD,36989.8440,0.1634,0.00,momentum
2026-06-20T12:28:28.162931,sell,BCHUSD,26.5040,198.2000,0.00,momentum
2026-06-20T12:28:28.553763,sell,DOGEUSD,130386.0830,0.0838,0.00,momentum
2026-06-20T12:28:29.156648,sell,DOTUSD,9472.3994,0.9602,0.00,momentum
2026-06-20T12:28:29.667266,sell,SOLUSD,93.9630,72.0100,0.00,momentum
2026-06-20T12:28:29.939837,sell,UNIUSD,1197.7701,3.0150,0.00,momentum
2026-06-20T12:29:06.177098,buy,DOT/USD,9421.8965,0.9644,0.00,momentum
2026-06-20T12:29:06.971000,buy,DOGE/USD,129403.4372,0.0842,0.00,momentum
2026-06-20T12:29:07.633258,buy,ADA/USD,36740.9872,0.1636,0.00,momentum
2026-06-20T12:29:08.245215,buy,BCH/USD,26.2852,200.0100,0.00,momentum
2026-06-20T12:29:09.053827,buy,UNI/USD,1188.7432,3.0435,0.00,momentum
2026-06-20T12:29:09.783065,buy,SOL/USD,93.0535,72.1669,0.00,momentum
2026-06-20T12:30:43.941514,sell,ADAUSD,36649.1347,0.1634,0.00,momentum
2026-06-20T12:30:44.430979,sell,BCHUSD,26.2195,198.2000,0.00,momentum
2026-06-20T12:30:44.731442,sell,DOGEUSD,129079.9286,0.0838,0.00,momentum
2026-06-20T12:30:45.102188,sell,DOTUSD,9405.3828,0.9602,0.00,momentum
2026-06-20T12:30:45.463176,sell,SOLUSD,92.8209,71.8704,0.00,momentum
2026-06-20T12:30:46.028743,sell,UNIUSD,1185.7713,3.0150,0.00,momentum
2026-06-20T12:31:11.321706,buy,DOT/USD,9288.3039,0.9671,0.00,momentum
2026-06-20T12:31:12.093403,buy,DOGE/USD,127557.7467,0.0843,0.00,momentum
2026-06-20T12:31:12.813336,buy,ADA/USD,36300.4634,0.1638,0.00,momentum
2026-06-20T12:31:13.623594,buy,BCH/USD,26.0236,200.1130,0.00,momentum
2026-06-20T12:31:14.346661,buy,UNI/USD,1177.9529,3.0417,0.00,momentum
2026-06-20T12:31:15.307720,buy,AVAX/USD,1019.5717,5.9865,0.00,momentum
2026-06-20T12:32:13.853036,sell,AVAX/USD,1017.0228,5.9784,0.00,momentum
2026-06-20T12:32:14.773243,buy,BTC/USD,0.1824,63650.9900,0.00,momentum
2026-06-20T12:41:22.269049,sell,ADAUSD,36209.7122,0.1633,0.00,momentum
2026-06-20T12:41:22.544186,sell,BCHUSD,25.9585,198.2000,0.00,momentum
2026-06-20T12:41:22.825202,sell,BTCUSD,0.1819,63534.7600,0.00,momentum
2026-06-20T12:41:23.115431,sell,DOGEUSD,127238.8523,0.0838,0.00,momentum
2026-06-20T12:41:23.389907,sell,DOTUSD,9269.6544,0.9602,0.00,momentum
2026-06-20T12:41:23.681586,sell,UNIUSD,1175.0080,3.0211,0.00,momentum
2026-06-20T12:41:47.046149,buy,DOGE/USD,126418.6019,0.0842,0.00,momentum
2026-06-20T12:41:47.597786,buy,DOT/USD,9230.1854,0.9627,0.00,momentum
2026-06-20T12:41:48.169252,buy,ADA/USD,36004.4301,0.1633,0.00,momentum
2026-06-20T12:41:49.484468,buy,BCH/USD,25.7310,199.7690,0.00,momentum
2026-06-20T12:41:50.052887,buy,UNI/USD,1163.1302,3.0218,0.00,momentum
2026-06-20T12:41:50.636795,buy,AVAX/USD,984.1667,6.0280,0.00,momentum
2026-06-20T12:47:49.980278,sell,AVAX/USD,981.7063,6.0792,0.00,momentum
2026-06-20T12:47:50.707040,buy,SOL/USD,92.3575,71.7820,0.00,momentum
2026-06-20T12:48:19.219390,sell,ADAUSD,35914.4190,0.1633,0.00,momentum
2026-06-20T12:48:19.515735,sell,BCHUSD,25.6667,198.2000,0.00,momentum
2026-06-20T12:48:19.835858,sell,DOGEUSD,126102.5554,0.0838,0.00,momentum
2026-06-20T12:48:21.370121,sell,DOTUSD,9208.9229,0.9627,0.00,momentum
2026-06-20T12:48:21.722747,sell,SOLUSD,92.1266,71.7100,0.00,momentum
2026-06-20T12:48:22.105777,sell,UNIUSD,1160.2224,3.0211,0.00,momentum
2026-06-20T12:48:42.340282,buy,DOT/USD,9141.1308,0.9632,0.00,momentum
2026-06-20T12:48:42.978762,buy,DOGE/USD,125421.4567,0.0842,0.00,momentum
2026-06-20T12:48:43.619412,buy,ADA/USD,35639.8216,0.1635,0.00,momentum
2026-06-20T12:48:44.289499,buy,BCH/USD,25.4222,200.2000,0.00,momentum
2026-06-20T12:48:44.931953,buy,UNI/USD,1152.0253,3.0201,0.00,momentum
2026-06-20T12:48:45.580053,buy,SOL/USD,91.8536,71.8100,0.00,momentum
2026-06-20T12:49:41.881341,sell,SOL/USD,91.6240,71.8340,0.00,momentum
2026-06-20T12:49:42.601989,buy,AVAX/USD,942.3854,6.0760,0.00,momentum
2026-06-20T12:56:12.640933,sell,ADAUSD,35550.7220,0.1633,0.00,momentum
2026-06-20T12:56:12.918012,sell,AVAXUSD,940.0294,6.0515,0.00,momentum
2026-06-20T12:56:13.200845,sell,BCHUSD,25.3586,198.2000,0.00,momentum
2026-06-20T12:56:13.557584,sell,DOGEUSD,125107.9031,0.0838,0.00,momentum
2026-06-20T12:56:13.817136,sell,DOTUSD,9122.6670,0.9627,0.00,momentum
2026-06-20T12:56:14.202165,sell,UNIUSD,1149.1452,3.0211,0.00,momentum
2026-06-20T13:01:39.085522,buy,DOGE/USD,123682.2433,0.0843,0.00,momentum
2026-06-20T13:01:40.308088,buy,AVAX/USD,836.1953,6.2410,0.00,momentum
2026-06-20T13:01:41.405356,buy,ADA/USD,35202.9882,0.1638,0.00,momentum
2026-06-20T13:01:43.200262,buy,BCH/USD,25.0979,200.8100,0.00,momentum
2026-06-20T13:01:44.649108,buy,UNI/USD,1142.8031,3.0266,0.00,momentum
2026-06-20T13:02:01.367583,buy,DOT/USD,8967.1991,0.9665,0.00,momentum
2026-06-20T13:02:52.724391,sell,ADAUSD,35114.9807,0.1633,0.00,momentum
2026-06-20T13:02:53.037621,sell,AVAXUSD,834.1048,6.1789,0.00,momentum
2026-06-20T13:02:53.661890,sell,BCHUSD,25.0352,198.2000,0.00,momentum
2026-06-20T13:02:54.327236,sell,DOGEUSD,123373.0377,0.0838,0.00,momentum
2026-06-20T13:02:54.734828,sell,DOTUSD,8949.0178,0.9627,0.00,momentum
2026-06-20T13:02:55.272043,sell,UNIUSD,1139.9461,3.0211,0.00,momentum
2026-06-20T13:04:02.649691,buy,DOT/USD,8933.3394,0.9659,0.00,momentum
2026-06-20T13:04:03.421866,buy,DOGE/USD,122883.6564,0.0842,0.00,momentum
2026-06-20T13:04:04.202587,buy,AVAX/USD,842.2960,6.2144,0.00,momentum
2026-06-20T13:04:04.928398,buy,ADA/USD,34909.4219,0.1636,0.00,momentum
2026-06-20T13:04:07.166762,buy,BCH/USD,24.8124,200.9000,0.00,momentum
2026-06-20T13:04:08.334125,buy,UNI/USD,1130.8581,3.0250,0.00,momentum
2026-06-20T13:09:25.899854,sell,ADAUSD,34822.1483,0.1633,0.00,momentum
2026-06-20T13:09:27.066100,sell,AVAXUSD,840.1903,6.1565,0.00,momentum
2026-06-20T13:09:27.353220,sell,BCHUSD,24.7504,198.2000,0.00,momentum
2026-06-20T13:09:27.627598,sell,DOGEUSD,122576.4473,0.0838,0.00,momentum
2026-06-20T13:09:28.714988,sell,DOTUSD,8917.5576,0.9627,0.00,momentum
2026-06-20T13:09:28.985349,sell,UNIUSD,1128.0310,3.0211,0.00,momentum
2026-06-20T13:10:24.808871,buy,DOT/USD,8840.9331,0.9654,0.00,momentum
2026-06-20T13:10:25.377083,buy,DOGE/USD,121437.0503,0.0843,0.00,momentum
2026-06-20T13:10:25.961387,buy,ADA/USD,34508.6537,0.1637,0.00,momentum
2026-06-20T13:10:26.586050,buy,AVAX/USD,861.8917,6.1740,0.00,momentum
2026-06-20T13:10:27.147096,buy,BCH/USD,24.5558,200.8060,0.00,momentum
2026-06-20T13:10:27.762247,buy,UNI/USD,1118.3285,3.0190,0.00,momentum
2026-06-20T13:11:40.041882,sell,ADAUSD,34422.3821,0.1633,0.00,momentum
2026-06-20T13:11:40.314318,sell,AVAXUSD,859.7796,6.1565,0.00,momentum
2026-06-20T13:11:41.529321,sell,BCHUSD,24.4944,198.2000,0.00,momentum
2026-06-20T13:11:41.787143,sell,DOGEUSD,121133.4577,0.0838,0.00,momentum
2026-06-20T13:11:42.171102,sell,DOTUSD,8825.3097,0.9627,0.00,momentum
2026-06-20T13:11:42.489477,sell,UNIUSD,1115.5327,3.0211,0.00,momentum
2026-06-20T13:12:20.484370,buy,DOT/USD,8748.8303,0.9652,0.00,momentum
2026-06-20T13:12:21.021601,buy,DOGE/USD,120304.3763,0.0842,0.00,momentum
2026-06-20T13:12:21.699053,buy,ADA/USD,34240.3063,0.1634,0.00,momentum
2026-06-20T13:12:22.233982,buy,AVAX/USD,849.7837,6.1727,0.00,momentum
2026-06-20T13:12:22.771408,buy,BCH/USD,24.2703,200.9110,0.00,momentum
2026-06-20T13:12:23.295697,buy,UNI/USD,1106.4645,3.0210,0.00,momentum
2026-06-20T13:14:14.753116,sell,ADAUSD,34154.7055,0.1633,0.00,momentum
2026-06-20T13:14:15.207579,sell,AVAXUSD,847.6829,6.1565,0.00,momentum
2026-06-20T13:14:15.916510,sell,BCHUSD,24.2096,198.2000,0.00,momentum
2026-06-20T13:14:19.234821,sell,DOGEUSD,120003.6154,0.0838,0.00,momentum
2026-06-20T13:14:19.747844,sell,DOTUSD,8733.3314,0.9627,0.00,momentum
2026-06-20T13:14:20.687247,sell,UNIUSD,1103.6983,3.0211,0.00,momentum
2026-06-20T13:14:32.529693,buy,ADA/USD,33932.5764,0.1635,0.00,momentum
2026-06-20T13:14:33.214346,buy,AVAX/USD,853.2720,6.1620,0.00,momentum
2026-06-20T13:15:29.920031,buy,DOT/USD,8656.2107,0.9646,0.00,momentum
2026-06-20T13:15:30.714208,buy,DOGE/USD,119104.5359,0.0842,0.00,momentum
2026-06-20T13:15:31.369909,buy,BCH/USD,23.9863,200.9290,0.00,momentum
2026-06-20T13:15:32.188733,buy,UNI/USD,1093.4732,3.0213,0.00,momentum
2026-06-20T13:16:50.197936,sell,ADAUSD,33847.7450,0.1633,0.00,momentum
2026-06-20T13:16:50.527527,sell,AVAXUSD,851.1388,6.1620,0.00,momentum
2026-06-20T13:16:50.861500,sell,BCHUSD,23.9263,198.2000,0.00,momentum
2026-06-20T13:16:51.526070,sell,DOGEUSD,118806.7746,0.0838,0.00,momentum
2026-06-20T13:16:51.857476,sell,DOTUSD,8637.0400,0.9627,0.00,momentum
2026-06-20T13:16:52.123625,sell,UNIUSD,1090.7395,3.0211,0.00,momentum
2026-06-22T20:25:17.938654,buy,BCH/USD,24.6868,201.3200,0.00,momentum
2026-06-22T20:25:18.643942,buy,DOGE/USD,120251.5628,0.0839,0.00,momentum
2026-06-22T20:25:19.466917,buy,ADA/USD,33683.4692,0.1601,0.00,momentum
2026-06-22T20:25:20.265003,buy,AVAX/USD,773.7977,6.3354,0.00,momentum
2026-06-22T20:25:20.997636,buy,DOT/USD,9343.7615,0.9643,0.00,momentum
2026-06-22T20:25:21.766907,buy,SOL/USD,88.6818,73.4810,0.00,momentum
2026-06-22T20:26:14.353196,buy,BCH/USD,24.7632,201.2000,0.00,momentum
2026-06-22T20:26:15.273045,buy,DOGE/USD,121015.4063,0.0838,0.00,momentum
2026-06-22T20:29:12.290432,sell,DOT/USD,9330.0847,0.9652,0.00,momentum
2026-06-22T20:29:12.720726,sell,SOL/USD,88.5222,73.5020,0.00,momentum
2026-06-22T20:29:13.659048,buy,COIN,12.7658,173.5500,0.00,momentum
2026-06-22T20:29:52.117718,buy,BCH/USD,24.5839,201.6000,0.00,momentum
2026-06-22T20:29:52.704406,buy,DOGE/USD,119345.0290,0.0840,0.00,momentum
2026-06-22T20:29:53.518123,buy,BND,6.0507,73.1700,0.00,momentum
2026-06-22T20:30:52.329572,sell,BND,6.0507,73.1800,0.00,momentum
2026-06-22T20:32:21.510527,buy,ARKK,5.5838,79.2200,0.00,momentum
2026-06-22T20:33:16.250111,sell,ARKK,5.5838,79.1700,0.00,momentum
2026-06-22T20:35:27.093366,buy,ARKK,5.5937,79.1000,0.00,momentum
2026-06-22T20:36:40.653810,sell,ARKK,5.5937,79.0100,0.00,momentum
2026-06-22T21:26:08.675088,buy,BND,6.0421,73.1400,0.00,momentum
2026-06-22T21:28:48.287189,sell,COIN,12.7658,167.8500,0.00,momentum
2026-06-22T21:42:39.679084,buy,CRM,14.2689,148.6200,0.00,momentum
